date,view
2022-06-22,144
2022-06-23,216
2022-06-24,231
2022-06-25,197
2022-06-26,249
2022-06-27,244
2022-06-28,228
2022-06-29,216
2022-06-30,237
2022-07-01,220
2022-07-02,207
2022-07-03,266
2022-07-04,223
2022-07-05,206
2022-07-06,214
2022-07-07,153
2022-07-08,176
2022-07-09,144
2022-07-10,184
2022-07-11,176
2022-07-12,198
2022-07-13,179
2022-07-14,193
2022-07-15,188
2022-07-16,180
2022-07-17,198
2022-07-18,167
2022-07-19,193
2022-07-20,222
2022-07-21,183
2022-07-22,207
2022-07-23,161
2022-07-24,218
2022-07-25,167
2022-07-26,213
2022-07-27,211
2022-07-28,204
2022-07-29,229
2022-07-30,184
2022-07-31,113
2022-08-01,202
2022-08-02,214
2022-08-03,216
2022-08-04,214
2022-08-05,194
2022-08-06,181
2022-08-07,212
2022-08-08,255
2022-08-09,206
2022-08-10,170
2022-08-11,168
2022-08-12,173
2022-08-13,180
2022-08-14,218
2022-08-15,199
2022-08-16,384
2022-08-17,383
2022-08-18,458
2022-08-19,374
2022-08-20,288
2022-08-21,387
2022-08-22,343
2022-08-23,439
2022-08-24,332
2022-08-25,359
2022-08-26,366
2022-08-27,337
2022-08-28,436
2022-08-29,445
2022-08-30,379
2022-08-31,174
2022-09-01,155
2022-09-02,221
2022-09-03,238
2022-09-04,472
2022-09-05,446
2022-09-06,401
2022-09-07,308
2022-09-08,352
2022-09-09,388
2022-09-10,359
2022-09-11,381
2022-09-12,377
2022-09-13,429
2022-09-14,465
2022-09-15,403
2022-09-16,426
2022-09-17,357
2022-09-18,423
2022-09-19,456
2022-09-20,411
2022-09-21,404
2022-09-22,383
2022-09-23,325
2022-09-24,305
2022-09-25,411
2022-09-26,340
2022-09-27,354
2022-09-28,321
2022-09-29,317
2022-09-30,340
2022-10-01,311
2022-10-02,351
2022-10-03,360
2022-10-04,483
2022-10-05,393
2022-10-06,373
2022-10-07,332
2022-10-08,236
2022-10-09,374
2022-10-10,433
2022-10-11,344
2022-10-12,470
2022-10-13,365
2022-10-14,319
2022-10-15,277
2022-10-16,349
2022-10-17,338
2022-10-18,334
2022-10-19,241
2022-10-20,305
2022-10-21,312
2022-10-22,325
2022-10-23,377
2022-10-24,352
2022-10-25,306
2022-10-26,320
2022-10-27,407
2022-10-28,347
2022-10-29,268
2022-10-30,376
2022-10-31,352
2022-11-01,333
2022-11-02,336
2022-11-03,362
2022-11-04,283
2022-11-05,215
2022-11-06,303
2022-11-07,306
2022-11-08,365
2022-11-09,293
2022-11-10,345
2022-11-11,304
2022-11-12,243
2022-11-13,292
2022-11-14,365
2022-11-15,320
2022-11-16,365
2022-11-17,349
2022-11-18,295
2022-11-19,235
2022-11-20,323
2022-11-21,293
2022-11-22,327
2022-11-23,313
2022-11-24,271
2022-11-25,283
2022-11-26,266
2022-11-27,415
2022-11-28,338
2022-11-29,335
2022-11-30,272
2022-12-01,294
2022-12-02,281
2022-12-03,239
2022-12-04,298
2022-12-05,293
2022-12-06,313
2022-12-07,509
2022-12-08,441
2022-12-09,375
2022-12-10,396
2022-12-11,548
2022-12-12,516
2022-12-13,587
2022-12-14,531
2022-12-15,482
2022-12-16,571
2022-12-17,334
2022-12-18,445
2022-12-19,266
2022-12-20,255
2022-12-21,377
2022-12-22,239
2022-12-23,293
2022-12-24,258
2022-12-25,240
2022-12-26,288
2022-12-27,242
2022-12-28,286
2022-12-29,204
2022-12-30,191
2022-12-31,138
2023-01-01,199
2023-01-02,258
2023-01-03,335
2023-01-04,299
2023-01-05,277
2023-01-06,322
2023-01-07,211
2023-01-08,284
2023-01-09,218
2023-01-10,285
2023-01-11,286
2023-01-12,269
2023-01-13,115
2023-01-14,77
2023-01-15,87
2023-01-16,69
2023-01-17,53
2023-01-18,52
2023-01-19,28
2023-01-20,32
2023-01-21,55
2023-01-22,31
2023-01-23,30
2023-01-24,43
2023-01-25,51
2023-01-26,124
2023-01-27,107
2023-01-28,110
2023-01-29,215
2023-01-30,205
2023-01-31,199
2023-02-01,241
2023-02-02,217
2023-02-03,220
2023-02-04,166
2023-02-05,302
2023-02-06,201
2023-02-07,277
2023-02-08,213
2023-02-09,270
2023-02-10,225
2023-02-11,202
2023-02-12,245
2023-02-13,272
2023-02-14,278
2023-02-15,283
2023-02-16,249
2023-02-17,315
2023-02-18,274
2023-02-19,261
2023-02-20,339
2023-02-21,285
2023-02-22,302
2023-02-23,328
2023-02-24,303
2023-02-25,255
2023-02-26,252
2023-02-27,364
2023-02-28,359
2023-03-01,308
2023-03-02,293
2023-03-03,313
2023-03-04,242
2023-03-05,287
2023-03-06,290
2023-03-07,265
2023-03-08,399
2023-03-09,270
2023-03-10,249
2023-03-11,251
2023-03-12,287
2023-03-13,341
2023-03-14,366
2023-03-15,315
2023-03-16,292
2023-03-17,282
2023-03-18,268
2023-03-19,267
2023-03-20,382
2023-03-21,433
2023-03-22,327
2023-03-23,336
2023-03-24,360
2023-03-25,248
2023-03-26,286
2023-03-27,274
2023-03-28,355
2023-03-29,284
2023-03-30,241
2023-03-31,280
2023-04-01,262
2023-04-02,284
2023-04-03,253
2023-04-04,355
2023-04-05,327
2023-04-06,282
2023-04-07,298
2023-04-08,291
2023-04-09,293
2023-04-10,333
2023-04-11,318
2023-04-12,247
2023-04-13,318
2023-04-14,310
2023-04-15,299
2023-04-16,323
2023-04-17,308
2023-04-18,293
2023-04-19,288
2023-04-20,323
2023-04-21,253
2023-04-22,270
2023-04-23,353
2023-04-24,316
2023-04-25,294
2023-04-26,329
2023-04-27,258
2023-04-28,112
2023-04-29,52
2023-04-30,62
2023-05-01,82
2023-05-02,107
2023-05-03,221
2023-05-04,185
2023-05-05,240
2023-05-06,228
2023-05-07,205
2023-05-08,243
2023-05-09,292
2023-05-10,319
2023-05-11,289
2023-05-12,312
2023-05-13,211
2023-05-14,326
2023-05-15,328
2023-05-16,327
2023-05-17,364
2023-05-18,331
2023-05-19,341
2023-05-20,329
2023-05-21,410
2023-05-22,436
2023-05-23,411
2023-05-24,341
2023-05-25,313
2023-05-26,359
2023-05-27,311
2023-05-28,335
2023-05-29,394
2023-05-30,409
2023-05-31,413
2023-06-01,367
2023-06-02,270
2023-06-03,287
2023-06-04,351
2023-06-05,387
2023-06-06,427
2023-06-07,305
2023-06-08,365
2023-06-09,345
2023-06-10,302
2023-06-11,324
2023-06-12,321
2023-06-13,308
2023-06-14,365
2023-06-15,361
2023-06-16,309
2023-06-17,261
2023-06-18,299
2023-06-19,322
2023-06-20,362
2023-06-21,449
2023-06-22,363
2023-06-23,237
2023-06-24,200
2023-06-25,275
2023-06-26,336
2023-06-27,320
2023-06-28,354
2023-06-29,394
2023-06-30,292
2023-07-01,266
2023-07-02,295
2023-07-03,343
2023-07-04,353
2023-07-05,330
2023-07-06,298
2023-07-07,213
2023-07-08,212
2023-07-09,352
2023-07-10,333
2023-07-11,349
2023-07-12,380
2023-07-13,359
2023-07-14,274
2023-07-15,257
2023-07-16,336
2023-07-17,279
2023-07-18,312
2023-07-19,332
2023-07-20,310
2023-07-21,286
2023-07-22,329
2023-07-23,329
2023-07-24,372
2023-07-25,413
2023-07-26,313
2023-07-27,366
2023-07-28,312
2023-07-29,245
2023-07-30,302
2023-07-31,355
2023-08-01,351
2023-08-02,413
2023-08-03,322
2023-08-04,295
2023-08-05,247
2023-08-06,350
2023-08-07,370
2023-08-08,364
2023-08-09,359
2023-08-10,293
2023-08-11,322
2023-08-12,298
2023-08-13,407
2023-08-14,429
2023-08-15,488
2023-08-16,427
2023-08-17,414
2023-08-18,415
2023-08-19,325
2023-08-20,441
2023-08-21,382
2023-08-22,358
2023-08-23,326
2023-08-24,373
2023-08-25,347
2023-08-26,307
2023-08-27,338
2023-08-28,312
2023-08-29,311
2023-08-30,334
2023-08-31,190
2023-09-01,130
2023-09-02,140
2023-09-03,208
2023-09-04,268
2023-09-05,330
2023-09-06,329
2023-09-07,327
2023-09-08,282
2023-09-09,349
2023-09-10,363
2023-09-11,351
2023-09-12,393
2023-09-13,266
2023-09-14,317
2023-09-15,335
2023-09-16,346
2023-09-17,363
2023-09-18,460
2023-09-19,365
2023-09-20,440
2023-09-21,392
2023-09-22,357
2023-09-23,297
2023-09-24,339
2023-09-25,317
2023-09-26,395
2023-09-27,252
2023-09-28,321
2023-09-29,288
2023-09-30,297
2023-10-01,332
2023-10-02,370
2023-10-03,470
2023-10-04,338
2023-10-05,362
2023-10-06,303
