date,placeId,view
2023-10-06,4614585987297941337,303
2023-10-05,4614585987297941337,362
2023-10-04,4614585987297941337,338
2023-10-03,4614585987297941337,470
2023-10-02,4614585987297941337,370
2023-10-01,4614585987297941337,332
2023-09-30,4614585987297941337,297
2023-09-29,4614585987297941337,288
2023-09-28,4614585987297941337,321
2023-09-27,4614585987297941337,252
2023-09-26,4614585987297941337,395
2023-09-25,4614585987297941337,317
2023-09-24,4614585987297941337,339
2023-09-23,4614585987297941337,297
2023-09-22,4614585987297941337,357
2023-09-21,4614585987297941337,392
2023-09-20,4614585987297941337,440
2023-09-19,4614585987297941337,365
2023-09-18,4614585987297941337,460
2023-09-17,4614585987297941337,363
2023-09-16,4614585987297941337,346
2023-09-15,4614585987297941337,335
2023-09-14,4614585987297941337,317
2023-09-13,4614585987297941337,266
2023-09-12,4614585987297941337,393
2023-09-11,4614585987297941337,351
2023-09-10,4614585987297941337,363
2023-09-09,4614585987297941337,349
2023-09-08,4614585987297941337,282
2023-09-07,4614585987297941337,327
2023-09-06,4614585987297941337,329
2023-09-05,4614585987297941337,330
2023-09-04,4614585987297941337,268
2023-09-03,4614585987297941337,208
2023-09-02,4614585987297941337,140
2023-09-01,4614585987297941337,130
2023-08-31,4614585987297941337,190
2023-08-30,4614585987297941337,334
2023-08-29,4614585987297941337,311
2023-08-28,4614585987297941337,312
2023-08-27,4614585987297941337,338
2023-08-26,4614585987297941337,307
2023-08-25,4614585987297941337,347
2023-08-24,4614585987297941337,373
2023-08-23,4614585987297941337,326
2023-08-22,4614585987297941337,358
2023-08-21,4614585987297941337,382
2023-08-20,4614585987297941337,441
2023-08-19,4614585987297941337,325
2023-08-18,4614585987297941337,415
2023-08-17,4614585987297941337,414
2023-08-16,4614585987297941337,427
2023-08-15,4614585987297941337,488
2023-08-14,4614585987297941337,429
2023-08-13,4614585987297941337,407
2023-08-12,4614585987297941337,298
2023-08-11,4614585987297941337,322
2023-08-10,4614585987297941337,293
2023-08-09,4614585987297941337,359
2023-08-08,4614585987297941337,364
2023-08-07,4614585987297941337,370
2023-08-06,4614585987297941337,350
2023-08-05,4614585987297941337,247
2023-08-04,4614585987297941337,295
2023-08-03,4614585987297941337,322
2023-08-02,4614585987297941337,413
2023-08-01,4614585987297941337,351
2023-07-31,4614585987297941337,355
2023-07-30,4614585987297941337,302
2023-07-29,4614585987297941337,245
2023-07-28,4614585987297941337,312
2023-07-27,4614585987297941337,366
2023-07-26,4614585987297941337,313
2023-07-25,4614585987297941337,413
2023-07-24,4614585987297941337,372
2023-07-23,4614585987297941337,329
2023-07-22,4614585987297941337,329
2023-07-21,4614585987297941337,286
2023-07-20,4614585987297941337,310
2023-07-19,4614585987297941337,332
2023-07-18,4614585987297941337,312
2023-07-17,4614585987297941337,279
2023-07-16,4614585987297941337,336
2023-07-15,4614585987297941337,257
2023-07-14,4614585987297941337,274
2023-07-13,4614585987297941337,359
2023-07-12,4614585987297941337,380
2023-07-11,4614585987297941337,349
2023-07-10,4614585987297941337,333
2023-07-09,4614585987297941337,352
2023-07-08,4614585987297941337,212
2023-07-07,4614585987297941337,213
2023-07-06,4614585987297941337,298
2023-07-05,4614585987297941337,330
2023-07-04,4614585987297941337,353
2023-07-03,4614585987297941337,343
2023-07-02,4614585987297941337,295
2023-07-01,4614585987297941337,266
2023-06-30,4614585987297941337,292
2023-06-29,4614585987297941337,394
2023-06-28,4614585987297941337,354
2023-06-27,4614585987297941337,320
2023-06-26,4614585987297941337,336
2023-06-25,4614585987297941337,275
2023-06-24,4614585987297941337,200
2023-06-23,4614585987297941337,237
2023-06-22,4614585987297941337,363
2023-06-21,4614585987297941337,449
2023-06-20,4614585987297941337,362
2023-06-19,4614585987297941337,322
2023-06-18,4614585987297941337,299
2023-06-17,4614585987297941337,261
2023-06-16,4614585987297941337,309
2023-06-15,4614585987297941337,361
2023-06-14,4614585987297941337,365
2023-06-13,4614585987297941337,308
2023-06-12,4614585987297941337,321
2023-06-11,4614585987297941337,324
2023-06-10,4614585987297941337,302
2023-06-09,4614585987297941337,345
2023-06-08,4614585987297941337,365
2023-06-07,4614585987297941337,305
2023-06-06,4614585987297941337,427
2023-06-05,4614585987297941337,387
2023-06-04,4614585987297941337,351
2023-06-03,4614585987297941337,287
2023-06-02,4614585987297941337,270
2023-06-01,4614585987297941337,367
2023-05-31,4614585987297941337,413
2023-05-30,4614585987297941337,409
2023-05-29,4614585987297941337,394
2023-05-28,4614585987297941337,335
2023-05-27,4614585987297941337,311
2023-05-26,4614585987297941337,359
2023-05-25,4614585987297941337,313
2023-05-24,4614585987297941337,341
2023-05-23,4614585987297941337,411
2023-05-22,4614585987297941337,436
2023-05-21,4614585987297941337,410
2023-05-20,4614585987297941337,329
2023-05-19,4614585987297941337,341
2023-05-18,4614585987297941337,331
2023-05-17,4614585987297941337,364
2023-05-16,4614585987297941337,327
2023-05-15,4614585987297941337,328
2023-05-14,4614585987297941337,326
2023-05-13,4614585987297941337,211
2023-05-12,4614585987297941337,312
2023-05-11,4614585987297941337,289
2023-05-10,4614585987297941337,319
2023-05-09,4614585987297941337,292
2023-05-08,4614585987297941337,243
2023-05-07,4614585987297941337,205
2023-05-06,4614585987297941337,228
2023-05-05,4614585987297941337,240
2023-05-04,4614585987297941337,185
2023-05-03,4614585987297941337,221
2023-05-02,4614585987297941337,107
2023-05-01,4614585987297941337,82
2023-04-30,4614585987297941337,62
2023-04-29,4614585987297941337,52
2023-04-28,4614585987297941337,112
2023-04-27,4614585987297941337,258
2023-04-26,4614585987297941337,329
2023-04-25,4614585987297941337,294
2023-04-24,4614585987297941337,316
2023-04-23,4614585987297941337,353
2023-04-22,4614585987297941337,270
2023-04-21,4614585987297941337,253
2023-04-20,4614585987297941337,323
2023-04-19,4614585987297941337,288
2023-04-18,4614585987297941337,293
2023-04-17,4614585987297941337,308
2023-04-16,4614585987297941337,323
2023-04-15,4614585987297941337,299
2023-04-14,4614585987297941337,310
2023-04-13,4614585987297941337,318
2023-04-12,4614585987297941337,247
2023-04-11,4614585987297941337,318
2023-04-10,4614585987297941337,333
2023-04-09,4614585987297941337,293
2023-04-08,4614585987297941337,291
2023-04-07,4614585987297941337,298
2023-04-06,4614585987297941337,282
2023-04-05,4614585987297941337,327
2023-04-04,4614585987297941337,355
2023-04-03,4614585987297941337,253
2023-04-02,4614585987297941337,284
2023-04-01,4614585987297941337,262
2023-03-31,4614585987297941337,280
2023-03-30,4614585987297941337,241
2023-03-29,4614585987297941337,284
2023-03-28,4614585987297941337,355
2023-03-27,4614585987297941337,274
2023-03-26,4614585987297941337,286
2023-03-25,4614585987297941337,248
2023-03-24,4614585987297941337,360
2023-03-23,4614585987297941337,336
2023-03-22,4614585987297941337,327
2023-03-21,4614585987297941337,433
2023-03-20,4614585987297941337,382
2023-03-19,4614585987297941337,267
2023-03-18,4614585987297941337,268
2023-03-17,4614585987297941337,282
2023-03-16,4614585987297941337,292
2023-03-15,4614585987297941337,315
2023-03-14,4614585987297941337,366
2023-03-13,4614585987297941337,341
2023-03-12,4614585987297941337,287
2023-03-11,4614585987297941337,251
2023-03-10,4614585987297941337,249
2023-03-09,4614585987297941337,270
2023-03-08,4614585987297941337,399
2023-03-07,4614585987297941337,265
2023-03-06,4614585987297941337,290
2023-03-05,4614585987297941337,287
2023-03-04,4614585987297941337,242
2023-03-03,4614585987297941337,313
2023-03-02,4614585987297941337,293
2023-03-01,4614585987297941337,308
2023-02-28,4614585987297941337,359
2023-02-27,4614585987297941337,364
2023-02-26,4614585987297941337,252
2023-02-25,4614585987297941337,255
2023-02-24,4614585987297941337,303
2023-02-23,4614585987297941337,328
2023-02-22,4614585987297941337,302
2023-02-21,4614585987297941337,285
2023-02-20,4614585987297941337,339
2023-02-19,4614585987297941337,261
2023-02-18,4614585987297941337,274
2023-02-17,4614585987297941337,315
2023-02-16,4614585987297941337,249
2023-02-15,4614585987297941337,283
2023-02-14,4614585987297941337,278
2023-02-13,4614585987297941337,272
2023-02-12,4614585987297941337,245
2023-02-11,4614585987297941337,202
2023-02-10,4614585987297941337,225
2023-02-09,4614585987297941337,270
2023-02-08,4614585987297941337,213
2023-02-07,4614585987297941337,277
2023-02-06,4614585987297941337,201
2023-02-05,4614585987297941337,302
2023-02-04,4614585987297941337,166
2023-02-03,4614585987297941337,220
2023-02-02,4614585987297941337,217
2023-02-01,4614585987297941337,241
2023-01-31,4614585987297941337,199
2023-01-30,4614585987297941337,205
2023-01-29,4614585987297941337,215
2023-01-28,4614585987297941337,110
2023-01-27,4614585987297941337,107
2023-01-26,4614585987297941337,124
2023-01-25,4614585987297941337,51
2023-01-24,4614585987297941337,43
2023-01-23,4614585987297941337,30
2023-01-22,4614585987297941337,31
2023-01-21,4614585987297941337,55
2023-01-20,4614585987297941337,32
2023-01-19,4614585987297941337,28
2023-01-18,4614585987297941337,52
2023-01-17,4614585987297941337,53
2023-01-16,4614585987297941337,69
2023-01-15,4614585987297941337,87
2023-01-14,4614585987297941337,77
2023-01-13,4614585987297941337,115
2023-01-12,4614585987297941337,269
2023-01-11,4614585987297941337,286
2023-01-10,4614585987297941337,285
2023-01-09,4614585987297941337,218
2023-01-08,4614585987297941337,284
2023-01-07,4614585987297941337,211
2023-01-06,4614585987297941337,322
2023-01-05,4614585987297941337,277
2023-01-04,4614585987297941337,299
2023-01-03,4614585987297941337,335
2023-01-02,4614585987297941337,258
2023-01-01,4614585987297941337,199
2022-12-31,4614585987297941337,138
2022-12-30,4614585987297941337,191
2022-12-29,4614585987297941337,204
2022-12-28,4614585987297941337,286
2022-12-27,4614585987297941337,242
2022-12-26,4614585987297941337,288
2022-12-25,4614585987297941337,240
2022-12-24,4614585987297941337,258
2022-12-23,4614585987297941337,293
2022-12-22,4614585987297941337,239
2022-12-21,4614585987297941337,377
2022-12-20,4614585987297941337,255
2022-12-19,4614585987297941337,266
2022-12-18,4614585987297941337,445
2022-12-17,4614585987297941337,334
2022-12-16,4614585987297941337,571
2022-12-15,4614585987297941337,482
2022-12-14,4614585987297941337,531
2022-12-13,4614585987297941337,587
2022-12-12,4614585987297941337,516
2022-12-11,4614585987297941337,548
2022-12-10,4614585987297941337,396
2022-12-09,4614585987297941337,375
2022-12-08,4614585987297941337,441
2022-12-07,4614585987297941337,509
2022-12-06,4614585987297941337,313
2022-12-05,4614585987297941337,293
2022-12-04,4614585987297941337,298
2022-12-03,4614585987297941337,239
2022-12-02,4614585987297941337,281
2022-12-01,4614585987297941337,294
2022-11-30,4614585987297941337,272
2022-11-29,4614585987297941337,335
2022-11-28,4614585987297941337,338
2022-11-27,4614585987297941337,415
2022-11-26,4614585987297941337,266
2022-11-25,4614585987297941337,283
2022-11-24,4614585987297941337,271
2022-11-23,4614585987297941337,313
2022-11-22,4614585987297941337,327
2022-11-21,4614585987297941337,293
2022-11-20,4614585987297941337,323
2022-11-19,4614585987297941337,235
2022-11-18,4614585987297941337,295
2022-11-17,4614585987297941337,349
2022-11-16,4614585987297941337,365
2022-11-15,4614585987297941337,320
2022-11-14,4614585987297941337,365
2022-11-13,4614585987297941337,292
2022-11-12,4614585987297941337,243
2022-11-11,4614585987297941337,304
2022-11-10,4614585987297941337,345
2022-11-09,4614585987297941337,293
2022-11-08,4614585987297941337,365
2022-11-07,4614585987297941337,306
2022-11-06,4614585987297941337,303
2022-11-05,4614585987297941337,215
2022-11-04,4614585987297941337,283
2022-11-03,4614585987297941337,362
2022-11-02,4614585987297941337,336
2022-11-01,4614585987297941337,333
2022-10-31,4614585987297941337,352
2022-10-30,4614585987297941337,376
2022-10-29,4614585987297941337,268
2022-10-28,4614585987297941337,347
2022-10-27,4614585987297941337,407
2022-10-26,4614585987297941337,320
2022-10-25,4614585987297941337,306
2022-10-24,4614585987297941337,352
2022-10-23,4614585987297941337,377
2022-10-22,4614585987297941337,325
2022-10-21,4614585987297941337,312
2022-10-20,4614585987297941337,305
2022-10-19,4614585987297941337,241
2022-10-18,4614585987297941337,334
2022-10-17,4614585987297941337,338
2022-10-16,4614585987297941337,349
2022-10-15,4614585987297941337,277
2022-10-14,4614585987297941337,319
2022-10-13,4614585987297941337,365
2022-10-12,4614585987297941337,470
2022-10-11,4614585987297941337,344
2022-10-10,4614585987297941337,433
2022-10-09,4614585987297941337,374
2022-10-08,4614585987297941337,236
2022-10-07,4614585987297941337,332
2022-10-06,4614585987297941337,373
2022-10-05,4614585987297941337,393
2022-10-04,4614585987297941337,483
2022-10-03,4614585987297941337,360
2022-10-02,4614585987297941337,351
2022-10-01,4614585987297941337,311
2022-09-30,4614585987297941337,340
2022-09-29,4614585987297941337,317
2022-09-28,4614585987297941337,321
2022-09-27,4614585987297941337,354
2022-09-26,4614585987297941337,340
2022-09-25,4614585987297941337,411
2022-09-24,4614585987297941337,305
2022-09-23,4614585987297941337,325
2022-09-22,4614585987297941337,383
2022-09-21,4614585987297941337,404
2022-09-20,4614585987297941337,411
2022-09-19,4614585987297941337,456
2022-09-18,4614585987297941337,423
2022-09-17,4614585987297941337,357
2022-09-16,4614585987297941337,426
2022-09-15,4614585987297941337,403
2022-09-14,4614585987297941337,465
2022-09-13,4614585987297941337,429
2022-09-12,4614585987297941337,377
2022-09-11,4614585987297941337,381
2022-09-10,4614585987297941337,359
2022-09-09,4614585987297941337,388
2022-09-08,4614585987297941337,352
2022-09-07,4614585987297941337,308
2022-09-06,4614585987297941337,401
2022-09-05,4614585987297941337,446
2022-09-04,4614585987297941337,472
2022-09-03,4614585987297941337,238
2022-09-02,4614585987297941337,221
2022-09-01,4614585987297941337,155
2022-08-31,4614585987297941337,174
2022-08-30,4614585987297941337,379
2022-08-29,4614585987297941337,445
2022-08-28,4614585987297941337,436
2022-08-27,4614585987297941337,337
2022-08-26,4614585987297941337,366
2022-08-25,4614585987297941337,359
2022-08-24,4614585987297941337,332
2022-08-23,4614585987297941337,439
2022-08-22,4614585987297941337,343
2022-08-21,4614585987297941337,387
2022-08-20,4614585987297941337,288
2022-08-19,4614585987297941337,374
2022-08-18,4614585987297941337,458
2022-08-17,4614585987297941337,383
2022-08-16,4614585987297941337,384
2022-08-15,4614585987297941337,199
2022-08-14,4614585987297941337,218
2022-08-13,4614585987297941337,180
2022-08-12,4614585987297941337,173
2022-08-11,4614585987297941337,168
2022-08-10,4614585987297941337,170
2022-08-09,4614585987297941337,206
2022-08-08,4614585987297941337,255
2022-08-07,4614585987297941337,212
2022-08-06,4614585987297941337,181
2022-08-05,4614585987297941337,194
2022-08-04,4614585987297941337,214
2022-08-03,4614585987297941337,216
2022-08-02,4614585987297941337,214
2022-08-01,4614585987297941337,202
2022-07-31,4614585987297941337,113
2022-07-30,4614585987297941337,184
2022-07-29,4614585987297941337,229
2022-07-28,4614585987297941337,204
2022-07-27,4614585987297941337,211
2022-07-26,4614585987297941337,213
2022-07-25,4614585987297941337,167
2022-07-24,4614585987297941337,218
2022-07-23,4614585987297941337,161
2022-07-22,4614585987297941337,207
2022-07-21,4614585987297941337,183
2022-07-20,4614585987297941337,222
2022-07-19,4614585987297941337,193
2022-07-18,4614585987297941337,167
2022-07-17,4614585987297941337,198
2022-07-16,4614585987297941337,180
2022-07-15,4614585987297941337,188
2022-07-14,4614585987297941337,193
2022-07-13,4614585987297941337,179
2022-07-12,4614585987297941337,198
2022-07-11,4614585987297941337,176
2022-07-10,4614585987297941337,184
2022-07-09,4614585987297941337,144
2022-07-08,4614585987297941337,176
2022-07-07,4614585987297941337,153
2022-07-06,4614585987297941337,214
2022-07-05,4614585987297941337,206
2022-07-04,4614585987297941337,223
2022-07-03,4614585987297941337,266
2022-07-02,4614585987297941337,207
2022-07-01,4614585987297941337,220
2022-06-30,4614585987297941337,237
2022-06-29,4614585987297941337,216
2022-06-28,4614585987297941337,228
2022-06-27,4614585987297941337,244
2022-06-26,4614585987297941337,249
2022-06-25,4614585987297941337,197
2022-06-24,4614585987297941337,231
2022-06-23,4614585987297941337,216
2022-06-22,4614585987297941337,144
